"ImgFile","ID","ImgFileName","ConfCode","ConfCodeBin","Label","LabelBin","Date","Year"
"453772066.jpg",453772066,"/Volumes/ArielaDrive/NewProtests/BLM/453772066.jpg",1,1,"LW","C","17-Aug",2014
"453817334.jpg",453817334,"/Volumes/ArielaDrive/NewProtests/BLM/453817334.jpg",1,1,"LW","C","18-Aug",2014
"453817352.jpg",453817352,"/Volumes/ArielaDrive/NewProtests/BLM/453817352.jpg",2,1,"HC","C","18-Aug",2014
"453829512.jpg",453829512,"/Volumes/ArielaDrive/NewProtests/BLM/453829512.jpg",0,0,"NOC","NOC","19-Aug",2014
"453836432.jpg",453836432,"/Volumes/ArielaDrive/NewProtests/BLM/453836432.jpg",0,0,"NOC","NOC","19-Aug",2014
"453837408.jpg",453837408,"/Volumes/ArielaDrive/NewProtests/BLM/453837408.jpg",0,0,"NOC","NOC","19-Aug",2014
"453837714.jpg",453837714,"/Volumes/ArielaDrive/NewProtests/BLM/453837714.jpg",2,1,"HC","C","19-Aug",2014
"453837724.jpg",453837724,"/Volumes/ArielaDrive/NewProtests/BLM/453837724.jpg",2,1,"HC","C","19-Aug",2014
"453838550.jpg",453838550,"/Volumes/ArielaDrive/NewProtests/BLM/453838550.jpg",0,0,"NOC","NOC","19-Aug",2014
"453859944.jpg",453859944,"/Volumes/ArielaDrive/NewProtests/BLM/453859944.jpg",2,1,"HC","C","19-Aug",2014
"453859962.jpg",453859962,"/Volumes/ArielaDrive/NewProtests/BLM/453859962.jpg",0,0,"NOC","NOC","19-Aug",2014
"453862500.jpg",453862500,"/Volumes/ArielaDrive/NewProtests/BLM/453862500.jpg",2,1,"HC","C","19-Aug",2014
"453867642.jpg",453867642,"/Volumes/ArielaDrive/NewProtests/BLM/453867642.jpg",1,1,"LW","C","20-Aug",2014
"453868638.jpg",453868638,"/Volumes/ArielaDrive/NewProtests/BLM/453868638.jpg",0,0,"NOC","NOC","20-Aug",2014
"453918450.jpg",453918450,"/Volumes/ArielaDrive/NewProtests/BLM/453918450.jpg",2,1,"HC","C","21-Aug",2014
"453938606.jpg",453938606,"/Volumes/ArielaDrive/NewProtests/BLM/453938606.jpg",0,0,"NOC","NOC","21-Aug",2014
"453938612.jpg",453938612,"/Volumes/ArielaDrive/NewProtests/BLM/453938612.jpg",0,0,"NOC","NOC","21-Aug",2014
"453963784.jpg",453963784,"/Volumes/ArielaDrive/NewProtests/BLM/453963784.jpg",0,0,"NOC","NOC","22-Aug",2014
"453983220.jpg",453983220,"/Volumes/ArielaDrive/NewProtests/BLM/453983220.jpg",0,0,"NOC","NOC","22-Aug",2014
"453999230.jpg",453999230,"/Volumes/ArielaDrive/NewProtests/BLM/453999230.jpg",2,1,"HC","C","23-Aug",2014
"454012256.jpg",454012256,"/Volumes/ArielaDrive/NewProtests/BLM/454012256.jpg",0,0,"NOC","NOC","23-Aug",2014
"454014598.jpg",454014598,"/Volumes/ArielaDrive/NewProtests/BLM/454014598.jpg",0,0,"NOC","NOC","23-Aug",2014
"454014612.jpg",454014612,"/Volumes/ArielaDrive/NewProtests/BLM/454014612.jpg",0,0,"NOC","NOC","23-Aug",2014
"454015910.jpg",454015910,"/Volumes/ArielaDrive/NewProtests/BLM/454015910.jpg",0,0,"NOC","NOC","23-Aug",2014
"454016626.jpg",454016626,"/Volumes/ArielaDrive/NewProtests/BLM/454016626.jpg",0,0,"NOC","NOC","23-Aug",2014
"454025732.jpg",454025732,"/Volumes/ArielaDrive/NewProtests/BLM/454025732.jpg",0,0,"NOC","NOC","23-Aug",2014
"454031608.jpg",454031608,"/Volumes/ArielaDrive/NewProtests/BLM/454031608.jpg",0,0,"NOC","NOC","23-Aug",2014
"454042028.jpg",454042028,"/Volumes/ArielaDrive/NewProtests/BLM/454042028.jpg",0,0,"NOC","NOC","23-Aug",2014
"454042576.jpg",454042576,"/Volumes/ArielaDrive/NewProtests/BLM/454042576.jpg",0,0,"NOC","NOC","23-Aug",2014
"454049618.jpg",454049618,"/Volumes/ArielaDrive/NewProtests/BLM/454049618.jpg",0,0,"NOC","NOC","23-Aug",2014
"454056612.jpg",454056612,"/Volumes/ArielaDrive/NewProtests/BLM/454056612.jpg",2,1,"HC","C","23-Aug",2014
"454252966.jpg",454252966,"/Volumes/ArielaDrive/NewProtests/BLM/454252966.jpg",0,0,"NOC","NOC","27-Aug",2014
"455181558.jpg",455181558,"/Volumes/ArielaDrive/NewProtests/BLM/455181558.jpg",0,0,"NOC","NOC","10-Sep",2014
"455182262.jpg",455182262,"/Volumes/ArielaDrive/NewProtests/BLM/455182262.jpg",2,1,"HC","C","10-Sep",2014
"455930772.jpg",455930772,"/Volumes/ArielaDrive/NewProtests/BLM/455930772.jpg",0,0,"NOC","NOC","22-Sep",2014
"455930780.jpg",455930780,"/Volumes/ArielaDrive/NewProtests/BLM/455930780.jpg",0,0,"NOC","NOC","22-Sep",2014
"455939046.jpg",455939046,"/Volumes/ArielaDrive/NewProtests/BLM/455939046.jpg",0,0,"NOC","NOC","22-Sep",2014
"455939716.jpg",455939716,"/Volumes/ArielaDrive/NewProtests/BLM/455939716.jpg",1,1,"LW","C","22-Sep",2014
"457032220.jpg",457032220,"/Volumes/ArielaDrive/NewProtests/BLM/457032220.jpg",1,1,"LW","C","10-Oct",2014
"457034908.jpg",457034908,"/Volumes/ArielaDrive/NewProtests/BLM/457034908.jpg",2,1,"HC","C","10-Oct",2014
"457035228.jpg",457035228,"/Volumes/ArielaDrive/NewProtests/BLM/457035228.jpg",0,0,"NOC","NOC","10-Oct",2014
"457074856.jpg",457074856,"/Volumes/ArielaDrive/NewProtests/BLM/457074856.jpg",0,0,"NOC","NOC","11-Oct",2014
"457086970.jpg",457086970,"/Volumes/ArielaDrive/NewProtests/BLM/457086970.jpg",0,0,"NOC","NOC","11-Oct",2014
"457101616.jpg",457101616,"/Volumes/ArielaDrive/NewProtests/BLM/457101616.jpg",1,1,"LW","C","11-Oct",2014
"457105540.jpg",457105540,"/Volumes/ArielaDrive/NewProtests/BLM/457105540.jpg",2,1,"HC","C","12-Oct",2014
"457108098.jpg",457108098,"/Volumes/ArielaDrive/NewProtests/BLM/457108098.jpg",2,1,"HC","C","12-Oct",2014
"457148408.jpg",457148408,"/Volumes/ArielaDrive/NewProtests/BLM/457148408.jpg",0,0,"NOC","NOC","13-Oct",2014
"457148702.jpg",457148702,"/Volumes/ArielaDrive/NewProtests/BLM/457148702.jpg",0,0,"NOC","NOC","13-Oct",2014
"457165434.jpg",457165434,"/Volumes/ArielaDrive/NewProtests/BLM/457165434.jpg",0,0,"NOC","NOC","13-Oct",2014
"457165696.jpg",457165696,"/Volumes/ArielaDrive/NewProtests/BLM/457165696.jpg",1,1,"LW","C","13-Oct",2014
"457165984.jpg",457165984,"/Volumes/ArielaDrive/NewProtests/BLM/457165984.jpg",0,0,"NOC","NOC","13-Oct",2014
"457166490.jpg",457166490,"/Volumes/ArielaDrive/NewProtests/BLM/457166490.jpg",0,0,"NOC","NOC","13-Oct",2014
"457179412.jpg",457179412,"/Volumes/ArielaDrive/NewProtests/BLM/457179412.jpg",0,0,"NOC","NOC","13-Oct",2014
"457189998.jpg",457189998,"/Volumes/ArielaDrive/NewProtests/BLM/457189998.jpg",0,0,"NOC","NOC","13-Oct",2014
"457202916.jpg",457202916,"/Volumes/ArielaDrive/NewProtests/BLM/457202916.jpg",0,0,"NOC","NOC","13-Oct",2014
"457680736.jpg",457680736,"/Volumes/ArielaDrive/NewProtests/BLM/457680736.jpg",0,0,"NOC","NOC","22-Oct",2014
"457694624.jpg",457694624,"/Volumes/ArielaDrive/NewProtests/BLM/457694624.jpg",2,1,"HC","C","22-Oct",2014
"459131160.jpg",459131160,"/Volumes/ArielaDrive/NewProtests/BLM/459131160.jpg",0,0,"NOC","NOC","17-Nov",2014
"459278120.jpg",459278120,"/Volumes/ArielaDrive/NewProtests/BLM/459278120.jpg",2,1,"HC","C","19-Nov",2014
"459367930.jpg",459367930,"/Volumes/ArielaDrive/NewProtests/BLM/459367930.jpg",0,0,"NOC","NOC","21-Nov",2014
"459379822.jpg",459379822,"/Volumes/ArielaDrive/NewProtests/BLM/459379822.jpg",1,1,"LW","C","21-Nov",2014
"459379826.jpg",459379826,"/Volumes/ArielaDrive/NewProtests/BLM/459379826.jpg",1,1,"LW","C","21-Nov",2014
"459393600.jpg",459393600,"/Volumes/ArielaDrive/NewProtests/BLM/459393600.jpg",0,0,"NOC","NOC","21-Nov",2014
"459393616.jpg",459393616,"/Volumes/ArielaDrive/NewProtests/BLM/459393616.jpg",0,0,"NOC","NOC","21-Nov",2014
"459393674.jpg",459393674,"/Volumes/ArielaDrive/NewProtests/BLM/459393674.jpg",0,0,"NOC","NOC","21-Nov",2014
"459398240.jpg",459398240,"/Volumes/ArielaDrive/NewProtests/BLM/459398240.jpg",1,1,"LW","C","21-Nov",2014
"459417860.jpg",459417860,"/Volumes/ArielaDrive/NewProtests/BLM/459417860.jpg",0,0,"NOC","NOC","22-Nov",2014
"459432074.jpg",459432074,"/Volumes/ArielaDrive/NewProtests/BLM/459432074.jpg",0,0,"NOC","NOC","22-Nov",2014
"459438738.jpg",459438738,"/Volumes/ArielaDrive/NewProtests/BLM/459438738.jpg",0,0,"NOC","NOC","22-Nov",2014
"459486010.jpg",459486010,"/Volumes/ArielaDrive/NewProtests/BLM/459486010.jpg",0,0,"NOC","NOC","23-Nov",2014
"459486066.jpg",459486066,"/Volumes/ArielaDrive/NewProtests/BLM/459486066.jpg",0,0,"NOC","NOC","23-Nov",2014
"459489480.jpg",459489480,"/Volumes/ArielaDrive/NewProtests/BLM/459489480.jpg",1,1,"LW","C","23-Nov",2014
"459489496.jpg",459489496,"/Volumes/ArielaDrive/NewProtests/BLM/459489496.jpg",0,0,"NOC","NOC","23-Nov",2014
"459528662.jpg",459528662,"/Volumes/ArielaDrive/NewProtests/BLM/459528662.jpg",0,0,"NOC","NOC","24-Nov",2014
"459537966.jpg",459537966,"/Volumes/ArielaDrive/NewProtests/BLM/459537966.jpg",0,0,"NOC","NOC","24-Nov",2014
"459542272.jpg",459542272,"/Volumes/ArielaDrive/NewProtests/BLM/459542272.jpg",0,0,"NOC","NOC","24-Nov",2014
"459543238.jpg",459543238,"/Volumes/ArielaDrive/NewProtests/BLM/459543238.jpg",2,1,"HC","C","24-Nov",2014
"459544196.jpg",459544196,"/Volumes/ArielaDrive/NewProtests/BLM/459544196.jpg",0,0,"NOC","NOC","24-Nov",2014
"459545508.jpg",459545508,"/Volumes/ArielaDrive/NewProtests/BLM/459545508.jpg",0,0,"NOC","NOC","24-Nov",2014
"459545880.jpg",459545880,"/Volumes/ArielaDrive/NewProtests/BLM/459545880.jpg",1,1,"LW","C","24-Nov",2014
"459546198.jpg",459546198,"/Volumes/ArielaDrive/NewProtests/BLM/459546198.jpg",0,0,"NOC","NOC","24-Nov",2014
"459546490.jpg",459546490,"/Volumes/ArielaDrive/NewProtests/BLM/459546490.jpg",2,1,"HC","C","24-Nov",2014
"459546670.jpg",459546670,"/Volumes/ArielaDrive/NewProtests/BLM/459546670.jpg",2,1,"HC","C","24-Nov",2014
"459546856.jpg",459546856,"/Volumes/ArielaDrive/NewProtests/BLM/459546856.jpg",2,1,"HC","C","24-Nov",2014
"459547990.jpg",459547990,"/Volumes/ArielaDrive/NewProtests/BLM/459547990.jpg",2,1,"HC","C","24-Nov",2014
"459548952.jpg",459548952,"/Volumes/ArielaDrive/NewProtests/BLM/459548952.jpg",1,1,"LW","C","24-Nov",2014
"459549070.jpg",459549070,"/Volumes/ArielaDrive/NewProtests/BLM/459549070.jpg",2,1,"HC","C","25-Nov",2014
"459549500.jpg",459549500,"/Volumes/ArielaDrive/NewProtests/BLM/459549500.jpg",1,1,"LW","C","24-Nov",2014
"459552430.jpg",459552430,"/Volumes/ArielaDrive/NewProtests/BLM/459552430.jpg",2,1,"HC","C","24-Nov",2014
"459552466.jpg",459552466,"/Volumes/ArielaDrive/NewProtests/BLM/459552466.jpg",2,1,"HC","C","24-Nov",2014
"459552478.jpg",459552478,"/Volumes/ArielaDrive/NewProtests/BLM/459552478.jpg",0,0,"NOC","NOC","24-Nov",2014
"459552504.jpg",459552504,"/Volumes/ArielaDrive/NewProtests/BLM/459552504.jpg",1,1,"LW","C","24-Nov",2014
"459552606.jpg",459552606,"/Volumes/ArielaDrive/NewProtests/BLM/459552606.jpg",0,0,"NOC","NOC","24-Nov",2014
"459553002.jpg",459553002,"/Volumes/ArielaDrive/NewProtests/BLM/459553002.jpg",2,1,"HC","C","24-Nov",2014
"459554614.jpg",459554614,"/Volumes/ArielaDrive/NewProtests/BLM/459554614.jpg",2,1,"HC","C","25-Nov",2014
"459560968.jpg",459560968,"/Volumes/ArielaDrive/NewProtests/BLM/459560968.jpg",0,0,"NOC","NOC","25-Nov",2014
"459567954.jpg",459567954,"/Volumes/ArielaDrive/NewProtests/BLM/459567954.jpg",2,1,"HC","C","24-Nov",2014
"459570218.jpg",459570218,"/Volumes/ArielaDrive/NewProtests/BLM/459570218.jpg",2,1,"HC","C","25-Nov",2014
"459581166.jpg",459581166,"/Volumes/ArielaDrive/NewProtests/BLM/459581166.jpg",0,0,"NOC","NOC","25-Nov",2014
"459583208.jpg",459583208,"/Volumes/ArielaDrive/NewProtests/BLM/459583208.jpg",2,1,"HC","C","25-Nov",2014
"459583994.jpg",459583994,"/Volumes/ArielaDrive/NewProtests/BLM/459583994.jpg",1,1,"LW","C","25-Nov",2014
"459585124.jpg",459585124,"/Volumes/ArielaDrive/NewProtests/BLM/459585124.jpg",1,1,"LW","C","25-Nov",2014
"459586084.jpg",459586084,"/Volumes/ArielaDrive/NewProtests/BLM/459586084.jpg",0,0,"NOC","NOC","25-Nov",2014
"459587432.jpg",459587432,"/Volumes/ArielaDrive/NewProtests/BLM/459587432.jpg",0,0,"NOC","NOC","25-Nov",2014
"459588442.jpg",459588442,"/Volumes/ArielaDrive/NewProtests/BLM/459588442.jpg",1,1,"LW","C","25-Nov",2014
"459588448.jpg",459588448,"/Volumes/ArielaDrive/NewProtests/BLM/459588448.jpg",2,1,"HC","C","25-Nov",2014
"459588468.jpg",459588468,"/Volumes/ArielaDrive/NewProtests/BLM/459588468.jpg",0,0,"NOC","NOC","25-Nov",2014
"459594350.jpg",459594350,"/Volumes/ArielaDrive/NewProtests/BLM/459594350.jpg",2,1,"HC","C","25-Nov",2014
"459596066.jpg",459596066,"/Volumes/ArielaDrive/NewProtests/BLM/459596066.jpg",2,1,"HC","C","25-Nov",2014
"459598392.jpg",459598392,"/Volumes/ArielaDrive/NewProtests/BLM/459598392.jpg",2,1,"HC","C","25-Nov",2014
"459598946.jpg",459598946,"/Volumes/ArielaDrive/NewProtests/BLM/459598946.jpg",0,0,"NOC","NOC","25-Nov",2014
"459599032.jpg",459599032,"/Volumes/ArielaDrive/NewProtests/BLM/459599032.jpg",0,0,"NOC","NOC","25-Nov",2014
"459599634.jpg",459599634,"/Volumes/ArielaDrive/NewProtests/BLM/459599634.jpg",0,0,"NOC","NOC","25-Nov",2014
"459606942.jpg",459606942,"/Volumes/ArielaDrive/NewProtests/BLM/459606942.jpg",1,1,"LW","C","25-Nov",2014
"459609608.jpg",459609608,"/Volumes/ArielaDrive/NewProtests/BLM/459609608.jpg",0,0,"NOC","NOC","25-Nov",2014
"459613822.jpg",459613822,"/Volumes/ArielaDrive/NewProtests/BLM/459613822.jpg",0,0,"NOC","NOC","25-Nov",2014
"459613928.jpg",459613928,"/Volumes/ArielaDrive/NewProtests/BLM/459613928.jpg",2,1,"HC","C","26-Nov",2014
"459616272.jpg",459616272,"/Volumes/ArielaDrive/NewProtests/BLM/459616272.jpg",2,1,"HC","C","26-Nov",2014
"459625530.jpg",459625530,"/Volumes/ArielaDrive/NewProtests/BLM/459625530.jpg",2,1,"HC","C","26-Nov",2014
"459634892.jpg",459634892,"/Volumes/ArielaDrive/NewProtests/BLM/459634892.jpg",2,1,"HC","C","26-Nov",2014
"459634970.jpg",459634970,"/Volumes/ArielaDrive/NewProtests/BLM/459634970.jpg",2,1,"HC","C","26-Nov",2014
"459636210.jpg",459636210,"/Volumes/ArielaDrive/NewProtests/BLM/459636210.jpg",2,1,"HC","C","26-Nov",2014
"459662612.jpg",459662612,"/Volumes/ArielaDrive/NewProtests/BLM/459662612.jpg",1,1,"LW","C","27-Nov",2014
"459683116.jpg",459683116,"/Volumes/ArielaDrive/NewProtests/BLM/459683116.jpg",0,0,"NOC","NOC","28-Nov",2014
"459690058.jpg",459690058,"/Volumes/ArielaDrive/NewProtests/BLM/459690058.jpg",0,0,"NOC","NOC","28-Nov",2014
"459690938.jpg",459690938,"/Volumes/ArielaDrive/NewProtests/BLM/459690938.jpg",0,0,"NOC","NOC","28-Nov",2014
"459690952.jpg",459690952,"/Volumes/ArielaDrive/NewProtests/BLM/459690952.jpg",1,1,"LW","C","28-Nov",2014
"459690966.jpg",459690966,"/Volumes/ArielaDrive/NewProtests/BLM/459690966.jpg",0,0,"NOC","NOC","28-Nov",2014
"459690996.jpg",459690996,"/Volumes/ArielaDrive/NewProtests/BLM/459690996.jpg",0,0,"NOC","NOC","28-Nov",2014
"459700938.jpg",459700938,"/Volumes/ArielaDrive/NewProtests/BLM/459700938.jpg",0,0,"NOC","NOC","28-Nov",2014
"459701742.jpg",459701742,"/Volumes/ArielaDrive/NewProtests/BLM/459701742.jpg",2,1,"HC","C","28-Nov",2014
"459724006.jpg",459724006,"/Volumes/ArielaDrive/NewProtests/BLM/459724006.jpg",0,0,"NOC","NOC","29-Nov",2014
"459724346.jpg",459724346,"/Volumes/ArielaDrive/NewProtests/BLM/459724346.jpg",0,0,"NOC","NOC","29-Nov",2014
"459739326.jpg",459739326,"/Volumes/ArielaDrive/NewProtests/BLM/459739326.jpg",0,0,"NOC","NOC","29-Nov",2014
"459739422.jpg",459739422,"/Volumes/ArielaDrive/NewProtests/BLM/459739422.jpg",0,0,"NOC","NOC","29-Nov",2014
"459754352.jpg",459754352,"/Volumes/ArielaDrive/NewProtests/BLM/459754352.jpg",0,0,"NOC","NOC","30-Nov",2014
"459757994.jpg",459757994,"/Volumes/ArielaDrive/NewProtests/BLM/459757994.jpg",2,1,"HC","C","30-Nov",2014
"459760170.jpg",459760170,"/Volumes/ArielaDrive/NewProtests/BLM/459760170.jpg",0,0,"NOC","NOC","30-Nov",2014
"459760220.jpg",459760220,"/Volumes/ArielaDrive/NewProtests/BLM/459760220.jpg",0,0,"NOC","NOC","30-Nov",2014
"459761066.jpg",459761066,"/Volumes/ArielaDrive/NewProtests/BLM/459761066.jpg",2,1,"HC","C","30-Nov",2014
"459787966.jpg",459787966,"/Volumes/ArielaDrive/NewProtests/BLM/459787966.jpg",0,0,"NOC","NOC","1-Dec",2014
"459790506.jpg",459790506,"/Volumes/ArielaDrive/NewProtests/BLM/459790506.jpg",1,1,"LW","C","25-Nov",2014
"459790550.jpg",459790550,"/Volumes/ArielaDrive/NewProtests/BLM/459790550.jpg",0,0,"NOC","NOC","26-Nov",2014
"459871522.jpg",459871522,"/Volumes/ArielaDrive/NewProtests/BLM/459871522.jpg",0,0,"NOC","NOC","2-Dec",2014
"459901678.jpg",459901678,"/Volumes/ArielaDrive/NewProtests/BLM/459901678.jpg",0,0,"NOC","NOC","3-Dec",2014
"459901690.jpg",459901690,"/Volumes/ArielaDrive/NewProtests/BLM/459901690.jpg",0,0,"NOC","NOC","3-Dec",2014
"459905800.jpg",459905800,"/Volumes/ArielaDrive/NewProtests/BLM/459905800.jpg",1,1,"LW","C","3-Dec",2014
"459905802.jpg",459905802,"/Volumes/ArielaDrive/NewProtests/BLM/459905802.jpg",0,0,"NOC","NOC","3-Dec",2014
"459910100.jpg",459910100,"/Volumes/ArielaDrive/NewProtests/BLM/459910100.jpg",0,0,"NOC","NOC","3-Dec",2014
"459911916.jpg",459911916,"/Volumes/ArielaDrive/NewProtests/BLM/459911916.jpg",0,0,"NOC","NOC","3-Dec",2014
"459912630.jpg",459912630,"/Volumes/ArielaDrive/NewProtests/BLM/459912630.jpg",1,1,"LW","C","3-Dec",2014
"459912638.jpg",459912638,"/Volumes/ArielaDrive/NewProtests/BLM/459912638.jpg",0,0,"NOC","NOC","3-Dec",2014
"459912646.jpg",459912646,"/Volumes/ArielaDrive/NewProtests/BLM/459912646.jpg",0,0,"NOC","NOC","3-Dec",2014
"459934526.jpg",459934526,"/Volumes/ArielaDrive/NewProtests/BLM/459934526.jpg",2,1,"HC","C","3-Dec",2014
"459960934.jpg",459960934,"/Volumes/ArielaDrive/NewProtests/BLM/459960934.jpg",0,0,"NOC","NOC","4-Dec",2014
"459961026.jpg",459961026,"/Volumes/ArielaDrive/NewProtests/BLM/459961026.jpg",0,0,"NOC","NOC","4-Dec",2014
"459961124.jpg",459961124,"/Volumes/ArielaDrive/NewProtests/BLM/459961124.jpg",0,0,"NOC","NOC","4-Dec",2014
"459961240.jpg",459961240,"/Volumes/ArielaDrive/NewProtests/BLM/459961240.jpg",0,0,"NOC","NOC","4-Dec",2014
"459963444.jpg",459963444,"/Volumes/ArielaDrive/NewProtests/BLM/459963444.jpg",1,1,"LW","C","4-Dec",2014
"459967464.jpg",459967464,"/Volumes/ArielaDrive/NewProtests/BLM/459967464.jpg",1,1,"LW","C","4-Dec",2014
"459967480.jpg",459967480,"/Volumes/ArielaDrive/NewProtests/BLM/459967480.jpg",1,1,"LW","C","4-Dec",2014
"459970496.jpg",459970496,"/Volumes/ArielaDrive/NewProtests/BLM/459970496.jpg",0,0,"NOC","NOC","4-Dec",2014
"459976890.jpg",459976890,"/Volumes/ArielaDrive/NewProtests/BLM/459976890.jpg",1,1,"LW","C","4-Dec",2014
"459978958.jpg",459978958,"/Volumes/ArielaDrive/NewProtests/BLM/459978958.jpg",1,1,"LW","C","4-Dec",2014
"459986210.jpg",459986210,"/Volumes/ArielaDrive/NewProtests/BLM/459986210.jpg",0,0,"NOC","NOC","4-Dec",2014
"460013360.jpg",460013360,"/Volumes/ArielaDrive/NewProtests/BLM/460013360.jpg",1,1,"LW","C","5-Dec",2014
"460014966.jpg",460014966,"/Volumes/ArielaDrive/NewProtests/BLM/460014966.jpg",0,0,"NOC","NOC","5-Dec",2014
"460018086.jpg",460018086,"/Volumes/ArielaDrive/NewProtests/BLM/460018086.jpg",0,0,"NOC","NOC","5-Dec",2014
"460018896.jpg",460018896,"/Volumes/ArielaDrive/NewProtests/BLM/460018896.jpg",1,1,"LW","C","5-Dec",2014
"460018992.jpg",460018992,"/Volumes/ArielaDrive/NewProtests/BLM/460018992.jpg",0,0,"NOC","NOC","5-Dec",2014
"460019788.jpg",460019788,"/Volumes/ArielaDrive/NewProtests/BLM/460019788.jpg",0,0,"NOC","NOC","5-Dec",2014
"460024200.jpg",460024200,"/Volumes/ArielaDrive/NewProtests/BLM/460024200.jpg",0,0,"NOC","NOC","5-Dec",2014
"460029162.jpg",460029162,"/Volumes/ArielaDrive/NewProtests/BLM/460029162.jpg",0,0,"NOC","NOC","5-Dec",2014
"460070828.jpg",460070828,"/Volumes/ArielaDrive/NewProtests/BLM/460070828.jpg",0,0,"NOC","NOC","6-Dec",2014
"460070854.jpg",460070854,"/Volumes/ArielaDrive/NewProtests/BLM/460070854.jpg",1,1,"LW","C","6-Dec",2014
"460118560.jpg",460118560,"/Volumes/ArielaDrive/NewProtests/BLM/460118560.jpg",0,0,"NOC","NOC","7-Dec",2014
"460118622.jpg",460118622,"/Volumes/ArielaDrive/NewProtests/BLM/460118622.jpg",2,1,"HC","C","7-Dec",2014
"460118680.jpg",460118680,"/Volumes/ArielaDrive/NewProtests/BLM/460118680.jpg",0,0,"NOC","NOC","7-Dec",2014
"460145036.jpg",460145036,"/Volumes/ArielaDrive/NewProtests/BLM/460145036.jpg",0,0,"NOC","NOC","7-Dec",2014
"460149254.jpg",460149254,"/Volumes/ArielaDrive/NewProtests/BLM/460149254.jpg",0,0,"NOC","NOC","5-Dec",2014
"460168088.jpg",460168088,"/Volumes/ArielaDrive/NewProtests/BLM/460168088.jpg",0,0,"NOC","NOC","8-Dec",2014
"460171642.jpg",460171642,"/Volumes/ArielaDrive/NewProtests/BLM/460171642.jpg",2,1,"HC","C","8-Dec",2014
"460173522.jpg",460173522,"/Volumes/ArielaDrive/NewProtests/BLM/460173522.jpg",2,1,"HC","C","8-Dec",2014
"460173846.jpg",460173846,"/Volumes/ArielaDrive/NewProtests/BLM/460173846.jpg",1,1,"LW","C","8-Dec",2014
"460174602.jpg",460174602,"/Volumes/ArielaDrive/NewProtests/BLM/460174602.jpg",1,1,"LW","C","8-Dec",2014
"460174640.jpg",460174640,"/Volumes/ArielaDrive/NewProtests/BLM/460174640.jpg",0,0,"NOC","NOC","8-Dec",2014
"460174754.jpg",460174754,"/Volumes/ArielaDrive/NewProtests/BLM/460174754.jpg",0,0,"NOC","NOC","8-Dec",2014
"460221494.jpg",460221494,"/Volumes/ArielaDrive/NewProtests/BLM/460221494.jpg",0,0,"NOC","NOC","9-Dec",2014
"460221514.jpg",460221514,"/Volumes/ArielaDrive/NewProtests/BLM/460221514.jpg",0,0,"NOC","NOC","9-Dec",2014
"460252752.jpg",460252752,"/Volumes/ArielaDrive/NewProtests/BLM/460252752.jpg",1,1,"LW","C","10-Dec",2014
"460264296.jpg",460264296,"/Volumes/ArielaDrive/NewProtests/BLM/460264296.jpg",0,0,"NOC","NOC","10-Dec",2014
"460264402.jpg",460264402,"/Volumes/ArielaDrive/NewProtests/BLM/460264402.jpg",1,1,"LW","C","10-Dec",2014
"460415564.jpg",460415564,"/Volumes/ArielaDrive/NewProtests/BLM/460415564.jpg",0,0,"NOC","NOC","13-Dec",2014
"460416364.jpg",460416364,"/Volumes/ArielaDrive/NewProtests/BLM/460416364.jpg",0,0,"NOC","NOC","13-Dec",2014
"460418824.jpg",460418824,"/Volumes/ArielaDrive/NewProtests/BLM/460418824.jpg",0,0,"NOC","NOC","13-Dec",2014
"460418854.jpg",460418854,"/Volumes/ArielaDrive/NewProtests/BLM/460418854.jpg",0,0,"NOC","NOC","13-Dec",2014
"460419188.jpg",460419188,"/Volumes/ArielaDrive/NewProtests/BLM/460419188.jpg",0,0,"NOC","NOC","13-Dec",2014
"460419880.jpg",460419880,"/Volumes/ArielaDrive/NewProtests/BLM/460419880.jpg",0,0,"NOC","NOC","13-Dec",2014
"460423732.jpg",460423732,"/Volumes/ArielaDrive/NewProtests/BLM/460423732.jpg",0,0,"NOC","NOC","13-Dec",2014
"460423742.jpg",460423742,"/Volumes/ArielaDrive/NewProtests/BLM/460423742.jpg",0,0,"NOC","NOC","13-Dec",2014
"460430046.jpg",460430046,"/Volumes/ArielaDrive/NewProtests/BLM/460430046.jpg",1,1,"LW","C","13-Dec",2014
"460430284.jpg",460430284,"/Volumes/ArielaDrive/NewProtests/BLM/460430284.jpg",0,0,"NOC","NOC","13-Dec",2014
"460430868.jpg",460430868,"/Volumes/ArielaDrive/NewProtests/BLM/460430868.jpg",0,0,"NOC","NOC","13-Dec",2014
"460432538.jpg",460432538,"/Volumes/ArielaDrive/NewProtests/BLM/460432538.jpg",0,0,"NOC","NOC","13-Dec",2014
"460441838.jpg",460441838,"/Volumes/ArielaDrive/NewProtests/BLM/460441838.jpg",0,0,"NOC","NOC","13-Dec",2014
"460495808.jpg",460495808,"/Volumes/ArielaDrive/NewProtests/BLM/460495808.jpg",2,1,"HC","C","13-Dec",2014
"460594986.jpg",460594986,"/Volumes/ArielaDrive/NewProtests/BLM/460594986.jpg",0,0,"NOC","NOC","16-Dec",2014
"460726072.jpg",460726072,"/Volumes/ArielaDrive/NewProtests/BLM/460726072.jpg",0,0,"NOC","NOC","20-Dec",2014
"460732704.jpg",460732704,"/Volumes/ArielaDrive/NewProtests/BLM/460732704.jpg",2,1,"HC","C","20-Dec",2014
"460789454.jpg",460789454,"/Volumes/ArielaDrive/NewProtests/BLM/460789454.jpg",0,0,"NOC","NOC","22-Dec",2014
"460825118.jpg",460825118,"/Volumes/ArielaDrive/NewProtests/BLM/460825118.jpg",1,1,"LW","C","24-Dec",2014
"460857238.jpg",460857238,"/Volumes/ArielaDrive/NewProtests/BLM/460857238.jpg",0,0,"NOC","NOC","27-Dec",2014
"460899696.jpg",460899696,"/Volumes/ArielaDrive/NewProtests/BLM/460899696.jpg",0,0,"NOC","NOC","29-Dec",2014
"461585240.jpg",461585240,"/Volumes/ArielaDrive/NewProtests/BLM/461585240.jpg",0,0,"NOC","NOC","15-Jan",2015
"461790038.jpg",461790038,"/Volumes/ArielaDrive/NewProtests/BLM/461790038.jpg",0,0,"NOC","NOC","19-Jan",2015
"463448790.jpg",463448790,"/Volumes/ArielaDrive/NewProtests/BLM/463448790.jpg",0,0,"NOC","NOC","14-Feb",2015
"465249076.jpg",465249076,"/Volumes/ArielaDrive/NewProtests/BLM/465249076.jpg",0,0,"NOC","NOC","4-Mar",2015
"465249272.jpg",465249272,"/Volumes/ArielaDrive/NewProtests/BLM/465249272.jpg",0,0,"NOC","NOC","4-Mar",2015
"465309318.jpg",465309318,"/Volumes/ArielaDrive/NewProtests/BLM/465309318.jpg",0,0,"NOC","NOC","5-Mar",2015
"465548014.jpg",465548014,"/Volumes/ArielaDrive/NewProtests/BLM/465548014.jpg",0,0,"NOC","NOC","7-Mar",2015
"465548026.jpg",465548026,"/Volumes/ArielaDrive/NewProtests/BLM/465548026.jpg",0,0,"NOC","NOC","7-Mar",2015
"465548130.jpg",465548130,"/Volumes/ArielaDrive/NewProtests/BLM/465548130.jpg",0,0,"NOC","NOC","7-Mar",2015
"465928304.jpg",465928304,"/Volumes/ArielaDrive/NewProtests/BLM/465928304.jpg",1,1,"LW","C","11-Mar",2015
"465931660.jpg",465931660,"/Volumes/ArielaDrive/NewProtests/BLM/465931660.jpg",0,0,"NOC","NOC","11-Mar",2015
"465983454.jpg",465983454,"/Volumes/ArielaDrive/NewProtests/BLM/465983454.jpg",1,1,"LW","C","12-Mar",2015
"465995958.jpg",465995958,"/Volumes/ArielaDrive/NewProtests/BLM/465995958.jpg",1,1,"LW","C","12-Mar",2015
"466230408.jpg",466230408,"/Volumes/ArielaDrive/NewProtests/BLM/466230408.jpg",0,0,"NOC","NOC","14-Mar",2015
"466360136.jpg",466360136,"/Volumes/ArielaDrive/NewProtests/BLM/466360136.jpg",0,0,"NOC","NOC","14-Mar",2015
"466715510.jpg",466715510,"/Volumes/ArielaDrive/NewProtests/BLM/466715510.jpg",0,0,"NOC","NOC","18-Mar",2015
"468911198.jpg",468911198,"/Volumes/ArielaDrive/NewProtests/BLM/468911198.jpg",0,0,"NOC","NOC","8-Apr",2015
"468924086.jpg",468924086,"/Volumes/ArielaDrive/NewProtests/BLM/468924086.jpg",0,0,"NOC","NOC","8-Apr",2015
"469722544.jpg",469722544,"/Volumes/ArielaDrive/NewProtests/BLM/469722544.jpg",2,1,"HC","C","14-Apr",2015
"469722562.jpg",469722562,"/Volumes/ArielaDrive/NewProtests/BLM/469722562.jpg",2,1,"HC","C","14-Apr",2015
"470068560.jpg",470068560,"/Volumes/ArielaDrive/NewProtests/BLM/470068560.jpg",1,1,"LW","C","14-Apr",2015
"470570188.jpg",470570188,"/Volumes/ArielaDrive/NewProtests/BLM/470570188.jpg",0,0,"NOC","NOC","21-Apr",2015
"470572754.jpg",470572754,"/Volumes/ArielaDrive/NewProtests/BLM/470572754.jpg",0,0,"NOC","NOC","21-Apr",2015
"470579268.jpg",470579268,"/Volumes/ArielaDrive/NewProtests/BLM/470579268.jpg",0,0,"NOC","NOC","21-Apr",2015
"470584604.jpg",470584604,"/Volumes/ArielaDrive/NewProtests/BLM/470584604.jpg",0,0,"NOC","NOC","21-Apr",2015
"470584626.jpg",470584626,"/Volumes/ArielaDrive/NewProtests/BLM/470584626.jpg",1,1,"LW","C","21-Apr",2015
"470585470.jpg",470585470,"/Volumes/ArielaDrive/NewProtests/BLM/470585470.jpg",0,0,"NOC","NOC","21-Apr",2015
"470593352.jpg",470593352,"/Volumes/ArielaDrive/NewProtests/BLM/470593352.jpg",0,0,"NOC","NOC","21-Apr",2015
"470736718.jpg",470736718,"/Volumes/ArielaDrive/NewProtests/BLM/470736718.jpg",0,0,"NOC","NOC","22-Apr",2015
"470875948.jpg",470875948,"/Volumes/ArielaDrive/NewProtests/BLM/470875948.jpg",0,0,"NOC","NOC","23-Apr",2015
"471121082.jpg",471121082,"/Volumes/ArielaDrive/NewProtests/BLM/471121082.jpg",0,0,"NOC","NOC","25-Apr",2015
"471131510.jpg",471131510,"/Volumes/ArielaDrive/NewProtests/BLM/471131510.jpg",0,0,"NOC","NOC","25-Apr",2015
"471135916.jpg",471135916,"/Volumes/ArielaDrive/NewProtests/BLM/471135916.jpg",0,0,"NOC","NOC","25-Apr",2015
"471164072.jpg",471164072,"/Volumes/ArielaDrive/NewProtests/BLM/471164072.jpg",1,1,"LW","C","25-Apr",2015
"471371662.jpg",471371662,"/Volumes/ArielaDrive/NewProtests/BLM/471371662.jpg",2,1,"HC","C","27-Apr",2015
"471405594.jpg",471405594,"/Volumes/ArielaDrive/NewProtests/BLM/471405594.jpg",2,1,"HC","C","27-Apr",2015
"471406436.jpg",471406436,"/Volumes/ArielaDrive/NewProtests/BLM/471406436.jpg",2,1,"HC","C","27-Apr",2015
"471462204.jpg",471462204,"/Volumes/ArielaDrive/NewProtests/BLM/471462204.jpg",1,1,"LW","C","28-Apr",2015
"471472178.jpg",471472178,"/Volumes/ArielaDrive/NewProtests/BLM/471472178.jpg",0,0,"NOC","NOC","28-Apr",2015
"471472208.jpg",471472208,"/Volumes/ArielaDrive/NewProtests/BLM/471472208.jpg",0,0,"NOC","NOC","28-Apr",2015
"471486370.jpg",471486370,"/Volumes/ArielaDrive/NewProtests/BLM/471486370.jpg",1,1,"LW","C","28-Apr",2015
"471486552.jpg",471486552,"/Volumes/ArielaDrive/NewProtests/BLM/471486552.jpg",2,1,"HC","C","28-Apr",2015
"471563876.jpg",471563876,"/Volumes/ArielaDrive/NewProtests/BLM/471563876.jpg",0,0,"NOC","NOC","29-Apr",2015
"471563902.jpg",471563902,"/Volumes/ArielaDrive/NewProtests/BLM/471563902.jpg",0,0,"NOC","NOC","29-Apr",2015
"471565742.jpg",471565742,"/Volumes/ArielaDrive/NewProtests/BLM/471565742.jpg",0,0,"NOC","NOC","29-Apr",2015
"471569482.jpg",471569482,"/Volumes/ArielaDrive/NewProtests/BLM/471569482.jpg",0,0,"NOC","NOC","29-Apr",2015
"471571164.jpg",471571164,"/Volumes/ArielaDrive/NewProtests/BLM/471571164.jpg",1,1,"LW","C","29-Apr",2015
"471579812.jpg",471579812,"/Volumes/ArielaDrive/NewProtests/BLM/471579812.jpg",0,0,"NOC","NOC","29-Apr",2015
"471602906.jpg",471602906,"/Volumes/ArielaDrive/NewProtests/BLM/471602906.jpg",2,1,"HC","C","28-Apr",2015
"471713334.jpg",471713334,"/Volumes/ArielaDrive/NewProtests/BLM/471713334.jpg",0,0,"NOC","NOC","30-Apr",2015
"471713818.jpg",471713818,"/Volumes/ArielaDrive/NewProtests/BLM/471713818.jpg",0,0,"NOC","NOC","30-Apr",2015
"471714116.jpg",471714116,"/Volumes/ArielaDrive/NewProtests/BLM/471714116.jpg",0,0,"NOC","NOC","30-Apr",2015
"471747768.jpg",471747768,"/Volumes/ArielaDrive/NewProtests/BLM/471747768.jpg",0,0,"NOC","NOC","30-Apr",2015
"471773324.jpg",471773324,"/Volumes/ArielaDrive/NewProtests/BLM/471773324.jpg",0,0,"NOC","NOC","30-Apr",2015
"471856396.jpg",471856396,"/Volumes/ArielaDrive/NewProtests/BLM/471856396.jpg",2,1,"HC","C","1-May",2015
"471856536.jpg",471856536,"/Volumes/ArielaDrive/NewProtests/BLM/471856536.jpg",1,1,"LW","C","1-May",2015
"471863494.jpg",471863494,"/Volumes/ArielaDrive/NewProtests/BLM/471863494.jpg",0,0,"NOC","NOC","1-May",2015
"471863854.jpg",471863854,"/Volumes/ArielaDrive/NewProtests/BLM/471863854.jpg",2,1,"HC","C","1-May",2015
"471868084.jpg",471868084,"/Volumes/ArielaDrive/NewProtests/BLM/471868084.jpg",0,0,"NOC","NOC","1-May",2015
"471902570.jpg",471902570,"/Volumes/ArielaDrive/NewProtests/BLM/471902570.jpg",0,0,"NOC","NOC","30-Apr",2015
"471971236.jpg",471971236,"/Volumes/ArielaDrive/NewProtests/BLM/471971236.jpg",0,0,"NOC","NOC","2-May",2015
"471971266.jpg",471971266,"/Volumes/ArielaDrive/NewProtests/BLM/471971266.jpg",0,0,"NOC","NOC","2-May",2015
"471976018.jpg",471976018,"/Volumes/ArielaDrive/NewProtests/BLM/471976018.jpg",0,0,"NOC","NOC","2-May",2015
"471989024.jpg",471989024,"/Volumes/ArielaDrive/NewProtests/BLM/471989024.jpg",0,0,"NOC","NOC","2-May",2015
"472765352.jpg",472765352,"/Volumes/ArielaDrive/NewProtests/BLM/472765352.jpg",0,0,"NOC","NOC","9-Mar",2015
"472765358.jpg",472765358,"/Volumes/ArielaDrive/NewProtests/BLM/472765358.jpg",0,0,"NOC","NOC","9-Mar",2015
"472765388.jpg",472765388,"/Volumes/ArielaDrive/NewProtests/BLM/472765388.jpg",0,0,"NOC","NOC","9-Mar",2015
"473087254.jpg",473087254,"/Volumes/ArielaDrive/NewProtests/BLM/473087254.jpg",1,1,"LW","C","12-May",2015
"473087280.jpg",473087280,"/Volumes/ArielaDrive/NewProtests/BLM/473087280.jpg",0,0,"NOC","NOC","12-May",2015
"474533006.jpg",474533006,"/Volumes/ArielaDrive/NewProtests/BLM/474533006.jpg",0,0,"NOC","NOC","23-May",2015
"474566990.jpg",474566990,"/Volumes/ArielaDrive/NewProtests/BLM/474566990.jpg",0,0,"NOC","NOC","23-May",2015
"475184210.jpg",475184210,"/Volumes/ArielaDrive/NewProtests/BLM/475184210.jpg",0,0,"NOC","NOC","29-May",2015
"476294112.jpg",476294112,"/Volumes/ArielaDrive/NewProtests/BLM/476294112.jpg",0,0,"NOC","NOC","7-Jun",2015
"477658918.jpg",477658918,"/Volumes/ArielaDrive/NewProtests/BLM/477658918.jpg",0,0,"NOC","NOC","18-Jun",2015
"477933854.jpg",477933854,"/Volumes/ArielaDrive/NewProtests/BLM/477933854.jpg",0,0,"NOC","NOC","20-Jun",2015
"478196906.jpg",478196906,"/Volumes/ArielaDrive/NewProtests/BLM/478196906.jpg",0,0,"NOC","NOC","18-Jun",2015
"481131510.jpg",481131510,"/Volumes/ArielaDrive/NewProtests/BLM/481131510.jpg",0,0,"NOC","NOC","17-Jul",2015
"481245538.jpg",481245538,"/Volumes/ArielaDrive/NewProtests/BLM/481245538.jpg",0,0,"NOC","NOC","18-Jul",2015
"481245548.jpg",481245548,"/Volumes/ArielaDrive/NewProtests/BLM/481245548.jpg",0,0,"NOC","NOC","18-Jul",2015
"483385470.jpg",483385470,"/Volumes/ArielaDrive/NewProtests/BLM/483385470.jpg",0,0,"NOC","NOC","7-Aug",2014
"483386448.jpg",483386448,"/Volumes/ArielaDrive/NewProtests/BLM/483386448.jpg",0,0,"NOC","NOC","7-Aug",2015
"483451162.jpg",483451162,"/Volumes/ArielaDrive/NewProtests/BLM/483451162.jpg",0,0,"NOC","NOC","8-Aug",2015
"483518970.jpg",483518970,"/Volumes/ArielaDrive/NewProtests/BLM/483518970.jpg",0,0,"NOC","NOC","9-Aug",2015
"483525766.jpg",483525766,"/Volumes/ArielaDrive/NewProtests/BLM/483525766.jpg",0,0,"NOC","NOC","9-Aug",2015
"483529216.jpg",483529216,"/Volumes/ArielaDrive/NewProtests/BLM/483529216.jpg",0,0,"NOC","NOC","9-Aug",2015
"483532090.jpg",483532090,"/Volumes/ArielaDrive/NewProtests/BLM/483532090.jpg",2,1,"HC","C","9-Aug",2015
"483537304.jpg",483537304,"/Volumes/ArielaDrive/NewProtests/BLM/483537304.jpg",1,1,"LW","C","9-Aug",2015
"483538262.jpg",483538262,"/Volumes/ArielaDrive/NewProtests/BLM/483538262.jpg",2,1,"HC","C","9-Aug",2015
"483593818.jpg",483593818,"/Volumes/ArielaDrive/NewProtests/BLM/483593818.jpg",2,1,"HC","C","10-Aug",2015
"483593910.jpg",483593910,"/Volumes/ArielaDrive/NewProtests/BLM/483593910.jpg",2,1,"HC","C","10-Aug",2015
"483622918.jpg",483622918,"/Volumes/ArielaDrive/NewProtests/BLM/483622918.jpg",1,1,"LW","C","10-Aug",2015
"483633710.jpg",483633710,"/Volumes/ArielaDrive/NewProtests/BLM/483633710.jpg",2,1,"HC","C","10-Aug",2015
"483633884.jpg",483633884,"/Volumes/ArielaDrive/NewProtests/BLM/483633884.jpg",2,1,"HC","C","10-Aug",2015
"483673998.jpg",483673998,"/Volumes/ArielaDrive/NewProtests/BLM/483673998.jpg",2,1,"HC","C","10-Aug",2015
"483695772.jpg",483695772,"/Volumes/ArielaDrive/NewProtests/BLM/483695772.jpg",0,0,"NOC","NOC","11-Aug",2015
"483737290.jpg",483737290,"/Volumes/ArielaDrive/NewProtests/BLM/483737290.jpg",0,0,"NOC","NOC","12-Aug",2015
"483737924.jpg",483737924,"/Volumes/ArielaDrive/NewProtests/BLM/483737924.jpg",0,0,"NOC","NOC","12-Aug",2015
"483771078.jpg",483771078,"/Volumes/ArielaDrive/NewProtests/BLM/483771078.jpg",0,0,"NOC","NOC","12-Aug",2015
"483771096.jpg",483771096,"/Volumes/ArielaDrive/NewProtests/BLM/483771096.jpg",0,0,"NOC","NOC","12-Aug",2015
"483941702.jpg",483941702,"/Volumes/ArielaDrive/NewProtests/BLM/483941702.jpg",0,0,"NOC","NOC","13-Aug",2015
"483941722.jpg",483941722,"/Volumes/ArielaDrive/NewProtests/BLM/483941722.jpg",0,0,"NOC","NOC","13-Aug",2015
"484699352.jpg",484699352,"/Volumes/ArielaDrive/NewProtests/BLM/484699352.jpg",0,0,"NOC","NOC","20-Aug",2015
"493411412.jpg",493411412,"/Volumes/ArielaDrive/NewProtests/BLM/493411412.jpg",0,0,"NOC","NOC","19-Oct",2015
"494273408.jpg",494273408,"/Volumes/ArielaDrive/NewProtests/BLM/494273408.jpg",0,0,"NOC","NOC","22-Oct",2015
"498084110.jpg",498084110,"/Volumes/ArielaDrive/NewProtests/BLM/498084110.jpg",0,0,"NOC","NOC","20-Nov",2015
"498960854.jpg",498960854,"/Volumes/ArielaDrive/NewProtests/BLM/498960854.jpg",0,0,"NOC","NOC","27-Nov",2015
"498964058.jpg",498964058,"/Volumes/ArielaDrive/NewProtests/BLM/498964058.jpg",0,0,"NOC","NOC","27-Nov",2015
"499351516.jpg",499351516,"/Volumes/ArielaDrive/NewProtests/BLM/499351516.jpg",0,0,"NOC","NOC","30-Nov",2015
"499825688.jpg",499825688,"/Volumes/ArielaDrive/NewProtests/BLM/499825688.jpg",1,1,"LW","C","3-Dec",2014
"500375028.jpg",500375028,"/Volumes/ArielaDrive/NewProtests/BLM/500375028.jpg",0,0,"NOC","NOC","7-Dec",2015
"501144874.jpg",501144874,"/Volumes/ArielaDrive/NewProtests/BLM/501144874.jpg",0,0,"NOC","NOC","12-Dec",2015
"501947916.jpg",501947916,"/Volumes/ArielaDrive/NewProtests/BLM/501947916.jpg",2,1,"HC","C","18-Dec",2015
"506832446.jpg",506832446,"/Volumes/ArielaDrive/NewProtests/BLM/506832446.jpg",2,1,"HC","C","27-Apr",2015
"506832456.jpg",506832456,"/Volumes/ArielaDrive/NewProtests/BLM/506832456.jpg",2,1,"HC","C","27-Apr",2015
"506832656.jpg",506832656,"/Volumes/ArielaDrive/NewProtests/BLM/506832656.jpg",1,1,"LW","C","30-Apr",2015
"506832766.jpg",506832766,"/Volumes/ArielaDrive/NewProtests/BLM/506832766.jpg",2,1,"HC","C","28-Apr",2015
"506832844.jpg",506832844,"/Volumes/ArielaDrive/NewProtests/BLM/506832844.jpg",0,0,"NOC","NOC","2-May",2015
"509955486.jpg",509955486,"/Volumes/ArielaDrive/NewProtests/BLM/509955486.jpg",0,0,"NOC","NOC","12-Feb",2016
"510648068.jpg",510648068,"/Volumes/ArielaDrive/NewProtests/BLM/510648068.jpg",0,0,"NOC","NOC","16-Feb",2016
"517881816.jpg",517881816,"/Volumes/ArielaDrive/NewProtests/BLM/517881816.jpg",0,0,"NOC","NOC","24-Mar",2016
"519232154.jpg",519232154,"/Volumes/ArielaDrive/NewProtests/BLM/519232154.jpg",0,0,"NOC","NOC","4-Apr",2016
"525539148.jpg",525539148,"/Volumes/ArielaDrive/NewProtests/BLM/525539148.jpg",0,0,"NOC","NOC",NA,NA
"526982510.jpg",526982510,"/Volumes/ArielaDrive/NewProtests/BLM/526982510.jpg",0,0,"NOC","NOC","15-Sep",2015
"528445925.jpg",528445925,"/Volumes/ArielaDrive/NewProtests/BLM/528445925.jpg",0,0,"NOC","NOC","20-Dec",2014
"533810768.jpg",533810768,"/Volumes/ArielaDrive/NewProtests/BLM/533810768.jpg",0,0,"NOC","NOC","23-May",2016
"533886072.jpg",533886072,"/Volumes/ArielaDrive/NewProtests/BLM/533886072.jpg",2,1,"HC","C","28-Apr",2015
"536143780.jpg",536143780,"/Volumes/ArielaDrive/NewProtests/BLM/536143780.jpg",0,0,"NOC","NOC","20-Nov",2014
"536143930.jpg",536143930,"/Volumes/ArielaDrive/NewProtests/BLM/536143930.jpg",0,0,"NOC","NOC","20-Dec",2014
"536144948.jpg",536144948,"/Volumes/ArielaDrive/NewProtests/BLM/536144948.jpg",0,0,"NOC","NOC","20-Dec",2014
"536145758.jpg",536145758,"/Volumes/ArielaDrive/NewProtests/BLM/536145758.jpg",0,0,"NOC","NOC","20-Jun",2015
"539581440.jpg",539581440,"/Volumes/ArielaDrive/NewProtests/BLM/539581440.jpg",0,0,"NOC","NOC",NA,NA
"539621466.jpg",539621466,"/Volumes/ArielaDrive/NewProtests/BLM/539621466.jpg",0,0,"NOC","NOC",NA,NA
"539621666.jpg",539621666,"/Volumes/ArielaDrive/NewProtests/BLM/539621666.jpg",0,0,"NOC","NOC",NA,NA
"539621934.jpg",539621934,"/Volumes/ArielaDrive/NewProtests/BLM/539621934.jpg",0,0,"NOC","NOC",NA,NA
"539622054.jpg",539622054,"/Volumes/ArielaDrive/NewProtests/BLM/539622054.jpg",0,0,"NOC","NOC",NA,NA
"539622332.jpg",539622332,"/Volumes/ArielaDrive/NewProtests/BLM/539622332.jpg",0,0,"NOC","NOC",NA,NA
"542426278.jpg",542426278,"/Volumes/ArielaDrive/NewProtests/BLM/542426278.jpg",0,0,"NOC","NOC","23-Jun",2016
"545414808.jpg",545414808,"/Volumes/ArielaDrive/NewProtests/BLM/545414808.jpg",0,0,"NOC","NOC","7-Jul",2016
"545417406.jpg",545417406,"/Volumes/ArielaDrive/NewProtests/BLM/545417406.jpg",0,0,"NOC","NOC","7-Jul",2016
"545474398.jpg",545474398,"/Volumes/ArielaDrive/NewProtests/BLM/545474398.jpg",1,1,"LW","C","7-Jul",2016
"545474792.jpg",545474792,"/Volumes/ArielaDrive/NewProtests/BLM/545474792.jpg",0,0,"NOC","NOC","7-Jul",2016
"545606622.jpg",545606622,"/Volumes/ArielaDrive/NewProtests/BLM/545606622.jpg",0,0,"NOC","NOC","8-Jul",2016
"545707640.jpg",545707640,"/Volumes/ArielaDrive/NewProtests/BLM/545707640.jpg",0,0,"NOC","NOC","9-Jul",2016
"545752902.jpg",545752902,"/Volumes/ArielaDrive/NewProtests/BLM/545752902.jpg",0,0,"NOC","NOC","9-Jul",2016
"545752910.jpg",545752910,"/Volumes/ArielaDrive/NewProtests/BLM/545752910.jpg",0,0,"NOC","NOC","9-Jul",2016
"545765050.jpg",545765050,"/Volumes/ArielaDrive/NewProtests/BLM/545765050.jpg",0,0,"NOC","NOC","9-Jul",2016
"545921202.jpg",545921202,"/Volumes/ArielaDrive/NewProtests/BLM/545921202.jpg",0,0,"NOC","NOC",NA,2016
"576515130.jpg",576515130,"/Volumes/ArielaDrive/NewProtests/BLM/576515130.jpg",1,1,"LW","C","14-Jul",2016
"576681608.jpg",576681608,"/Volumes/ArielaDrive/NewProtests/BLM/576681608.jpg",0,0,"NOC","NOC","17-Jul",2016
"577702378.jpg",577702378,"/Volumes/ArielaDrive/NewProtests/BLM/577702378.jpg",0,0,"NOC","NOC","19-Jul",2016
"583546598.jpg",583546598,"/Volumes/ArielaDrive/NewProtests/BLM/583546598.jpg",0,0,"NOC","NOC","26-Jul",2016
"583623864.jpg",583623864,"/Volumes/ArielaDrive/NewProtests/BLM/583623864.jpg",0,0,"NOC","NOC","26-Jul",2016
"584897428.jpg",584897428,"/Volumes/ArielaDrive/NewProtests/BLM/584897428.jpg",0,0,"NOC","NOC",NA,NA
"585108042.jpg",585108042,"/Volumes/ArielaDrive/NewProtests/BLM/585108042.jpg",0,0,"NOC","NOC","1-Aug",2016
"585202622.jpg",585202622,"/Volumes/ArielaDrive/NewProtests/BLM/585202622.jpg",0,0,"NOC","NOC","1-Aug",2016
"586214956.jpg",586214956,"/Volumes/ArielaDrive/NewProtests/BLM/586214956.jpg",0,0,"NOC","NOC","5-Aug",2016
"587336824.jpg",587336824,"/Volumes/ArielaDrive/NewProtests/BLM/587336824.jpg",0,0,"NOC","NOC","7-Aug",2016
"587552898.jpg",587552898,"/Volumes/ArielaDrive/NewProtests/BLM/587552898.jpg",0,0,"NOC","NOC","1-May",2015
"589306288.jpg",589306288,"/Volumes/ArielaDrive/NewProtests/BLM/589306288.jpg",1,1,"LW","C","12-Aug",2016
"589306400.jpg",589306400,"/Volumes/ArielaDrive/NewProtests/BLM/589306400.jpg",0,0,"NOC","NOC","12-Aug",2016
"599547590.jpg",599547590,"/Volumes/ArielaDrive/NewProtests/BLM/599547590.jpg",1,1,"LW","C","6-Sep",2016
"609485634.jpg",609485634,"/Volumes/ArielaDrive/NewProtests/BLM/609485634.jpg",2,1,"HC","C","20-Sep",2016
"609485716.jpg",609485716,"/Volumes/ArielaDrive/NewProtests/BLM/609485716.jpg",0,0,"NOC","NOC","20-Sep",2016
"609485730.jpg",609485730,"/Volumes/ArielaDrive/NewProtests/BLM/609485730.jpg",2,1,"HC","C","20-Sep",2016
"609485974.jpg",609485974,"/Volumes/ArielaDrive/NewProtests/BLM/609485974.jpg",0,0,"NOC","NOC","21-Sep",2016
"609605964.jpg",609605964,"/Volumes/ArielaDrive/NewProtests/BLM/609605964.jpg",1,1,"LW","C","21-Sep",2016
"609607592.jpg",609607592,"/Volumes/ArielaDrive/NewProtests/BLM/609607592.jpg",2,1,"HC","C","21-Sep",2016
"609610308.jpg",609610308,"/Volumes/ArielaDrive/NewProtests/BLM/609610308.jpg",1,1,"LW","C","21-Sep",2016
"609633448.jpg",609633448,"/Volumes/ArielaDrive/NewProtests/BLM/609633448.jpg",1,1,"LW","C","21-Sep",2016
"609847980.jpg",609847980,"/Volumes/ArielaDrive/NewProtests/BLM/609847980.jpg",0,0,"NOC","NOC","22-Sep",2016
"610054332.jpg",610054332,"/Volumes/ArielaDrive/NewProtests/BLM/610054332.jpg",0,0,"NOC","NOC","23-Sep",2016
"610401992.jpg",610401992,"/Volumes/ArielaDrive/NewProtests/BLM/610401992.jpg",1,1,"LW","C","25-Sep",2016
"610405246.jpg",610405246,"/Volumes/ArielaDrive/NewProtests/BLM/610405246.jpg",0,0,"NOC","NOC","25-Sep",2016
"611039800.jpg",611039800,"/Volumes/ArielaDrive/NewProtests/BLM/611039800.jpg",1,1,"LW","C","28-Sep",2016
"611495506.jpg",611495506,"/Volumes/ArielaDrive/NewProtests/BLM/611495506.jpg",2,1,"HC","C","29-Sep",2016
"611513128.jpg",611513128,"/Volumes/ArielaDrive/NewProtests/BLM/611513128.jpg",0,0,"NOC","NOC","29-Sep",2016
"612304682.jpg",612304682,"/Volumes/ArielaDrive/NewProtests/BLM/612304682.jpg",0,0,"NOC","NOC",NA,NA
"614277210.jpg",614277210,"/Volumes/ArielaDrive/NewProtests/BLM/614277210.jpg",0,0,"NOC","NOC",NA,NA
"622122432.jpg",622122432,"/Volumes/ArielaDrive/NewProtests/BLM/622122432.jpg",0,0,"NOC","NOC","9-Nov",2016
"622122504.jpg",622122504,"/Volumes/ArielaDrive/NewProtests/BLM/622122504.jpg",1,1,"LW","C","9-Nov",2016
"622267958.jpg",622267958,"/Volumes/ArielaDrive/NewProtests/BLM/622267958.jpg",0,0,"NOC","NOC","9-Nov",2016
"622948738.jpg",622948738,"/Volumes/ArielaDrive/NewProtests/BLM/622948738.jpg",0,0,"NOC","NOC","12-Nov",2016
"626911318.jpg",626911318,"/Volumes/ArielaDrive/NewProtests/BLM/626911318.jpg",0,0,"NOC","NOC","30-Nov",2016
"631694316.jpg",631694316,"/Volumes/ArielaDrive/NewProtests/BLM/631694316.jpg",0,0,"NOC","NOC","14-Jan",2017
"632176176.jpg",632176176,"/Volumes/ArielaDrive/NewProtests/BLM/632176176.jpg",0,0,"NOC","NOC","20-Jan",2017
"633642598.jpg",633642598,"/Volumes/ArielaDrive/NewProtests/BLM/633642598.jpg",0,0,"NOC","NOC","2-Feb",2017
"635282692.jpg",635282692,"/Volumes/ArielaDrive/NewProtests/BLM/635282692.jpg",1,1,"LW","C","13-Feb",2017
